,trainer,rank,users,women,men,accuracy,f2,recall,precision,informedness,ndcg,dtr,dpr,dtr_ndcg,dtr_dtr,dtr_dpr,dpr_ndcg,dpr_dtr,dpr_dpr
0,4842,1.0,1,1,0,1.0,1.0,1.0,1.0,0.0,,1.0,1.0,,1.0,1.0,,1.0,1.0
1,4842,2.0,2,2,0,1.0,1.0,1.0,1.0,1.0,1.0,1.0,1.0,1.0,1.0,1.0,1.0,1.0,1.0
2,4842,3.0,2,2,0,0.5,0.5,0.5,0.5,0.333,1.0,1.0,1.0,1.0,1.0,1.0,1.0,1.0,1.0
3,4842,4.0,3,3,0,0.667,0.704,0.667,1.0,0.5,1.0,1.0,1.0,1.0,1.0,1.0,1.0,1.0,1.0
4,4842,5.0,4,4,0,0.5,0.5,0.5,0.5,0.5,1.0,1.0,1.0,1.0,1.0,1.0,1.0,1.0,1.0
5,4842,6.0,5,5,0,0.6,0.574,0.6,0.867,0.611,1.0,1.0,1.0,1.0,1.0,1.0,1.0,1.0,1.0
6,4842,7.0,6,5,1,0.667,0.645,0.667,0.889,0.644,1.0,1.198,1.657,0.9688379559934575,0.97,1.334,0.9688379559934575,0.97,1.334
7,4842,8.0,6,5,1,0.667,0.645,0.667,0.889,0.644,1.0,1.091,1.509,1.0,1.091,1.509,1.0,1.091,1.509
8,4842,9.0,6,5,1,0.667,0.645,0.667,0.889,0.733,1.0,1.18,1.657,1.0,1.18,1.657,0.9365418779274707,0.618,0.848
9,4842,10.0,6,5,1,0.667,0.637,0.667,0.833,0.611,1.0,1.16,1.657,1.0,1.16,1.657,0.939906301199815,0.607,0.848
10,2,1.0,4,3,1,1.0,1.0,1.0,1.0,1.0,1.0,1.031,1.374,1.0,1.031,1.374,1.0,1.031,1.374
11,2,2.0,5,3,2,0.8,0.798,0.8,0.9,0.75,1.0,1.169,1.185,1.0,1.169,1.185,1.0,1.169,1.185
12,2,3.0,8,3,5,0.875,0.876,0.875,0.938,0.897,1.0,1.101,0.964,0.6489266791213484,1.01,1.09,1.0,1.101,0.964
13,2,4.0,9,3,6,0.889,0.909,0.889,1.0,0.0,1.0,1.225,1.049,1.0,1.225,1.049,1.0,1.225,1.049
14,2,5.0,9,3,6,0.889,0.888,0.889,0.926,0.857,1.0,1.241,1.392,0.4521369370757875,1.128,1.16,0.4521369370757875,1.128,1.16
15,2,6.0,9,3,6,0.778,0.766,0.778,0.815,0.536,1.0,0.884,0.652,1.0,0.884,0.652,0.43743573809942465,1.169,1.16
16,2,7.0,9,3,6,0.778,0.766,0.778,0.815,0.536,1.0,0.78,0.575,0.4891364900315126,1.143,1.03,0.4891364900315126,1.143,1.03
17,2,8.0,9,3,6,0.889,0.909,0.889,1.0,0.0,1.0,0.79,0.677,0.3562071871080222,0.977,0.912,0.3562071871080222,0.977,0.912
18,2,9.0,9,3,6,0.889,0.89,0.889,0.944,0.875,1.0,0.827,0.65,1.0,0.827,0.65,0.3934418725907076,1.177,0.942
19,2,10.0,9,3,6,0.889,0.909,0.889,1.0,0.0,1.0,0.779,0.667,0.3333333333333333,1.011,0.867,0.3333333333333333,1.011,0.867
20,4198,1.0,2,1,1,0.5,0.556,0.5,1.0,0.0,1.0,0.792,1.585,1.0,0.792,1.585,1.0,0.792,1.585
21,4198,2.0,2,1,1,0.5,0.5,0.5,0.5,0.333,1.0,0.792,1.585,1.0,0.792,1.585,1.0,0.792,1.585
22,4198,3.0,6,3,3,0.833,0.857,0.833,1.0,0.733,1.0,1.236,1.816,1.0,1.236,1.816,0.8027312185235519,0.703,0.603
23,4198,4.0,6,3,3,0.833,0.824,0.833,0.917,0.86,1.0,1.181,1.659,0.7940816511255306,0.97,0.78,0.7940816511255306,0.97,0.78
24,4198,5.0,6,3,3,0.833,0.852,0.833,1.0,0.7,1.0,1.206,1.816,1.0,1.206,1.816,0.7980364058585894,0.792,0.711
25,4198,6.0,7,4,3,0.857,0.857,0.857,0.857,0.6,1.0,0.85,0.865,0.8076201096612761,0.869,1.047,0.8076201096612761,0.869,1.047
26,4198,7.0,9,5,4,0.889,0.889,0.889,0.889,0.6,1.0,0.886,0.947,0.744078176683372,1.091,1.112,1.0,0.886,0.947
27,4198,8.0,9,5,4,0.778,0.795,0.778,1.0,0.667,1.0,0.958,0.947,1.0,0.958,0.947,1.0,0.958,0.947
28,4198,9.0,11,5,6,0.909,0.907,0.909,0.955,0.913,1.0,0.974,1.049,1.0,0.974,1.049,1.0,0.974,1.049
29,4198,10.0,12,5,7,1.0,1.0,1.0,1.0,1.0,1.0,0.954,0.979,1.0,0.954,0.979,1.0,0.954,0.979
30,26,1.0,1,0,1,1.0,1.0,1.0,1.0,0.0,,1.0,1.0,,1.0,1.0,,1.0,1.0
31,26,2.0,1,0,1,1.0,1.0,1.0,1.0,0.0,,1.0,1.0,,1.0,1.0,,1.0,1.0
32,26,3.0,3,1,2,1.0,1.0,1.0,1.0,1.0,1.0,1.001,0.841,1.0,1.001,0.841,1.0,1.001,0.841
33,26,4.0,3,1,2,0.667,0.611,0.667,0.5,0.5,1.0,0.774,0.841,1.0,0.774,0.841,1.0,0.774,0.841
34,26,5.0,3,1,2,1.0,1.0,1.0,1.0,1.0,1.0,1.001,1.77,1.0,1.001,1.77,1.0,0.623,0.841
35,26,6.0,3,1,2,1.0,1.0,1.0,1.0,1.0,1.0,0.885,1.77,1.0,1.052,0.841,1.0,1.052,0.841
36,26,7.0,3,1,2,1.0,1.0,1.0,1.0,1.0,1.0,0.885,1.77,1.0,0.885,1.77,1.0,0.885,1.77
37,26,8.0,3,1,2,1.0,1.0,1.0,1.0,1.0,1.0,0.885,1.77,1.0,0.885,1.77,0.6309297535714575,0.516,0.841
38,26,9.0,3,1,2,1.0,1.0,1.0,1.0,1.0,1.0,0.885,1.77,1.0,0.885,1.77,1.0,0.885,1.77
39,26,10.0,3,1,2,1.0,1.0,1.0,1.0,1.0,1.0,0.885,1.77,1.0,1.052,0.841,1.0,1.052,0.841
40,9928,1.0,1,0,1,1.0,1.0,1.0,1.0,0.0,,1.0,1.0,,1.0,1.0,,1.0,1.0
41,9928,2.0,1,0,1,1.0,1.0,1.0,1.0,0.0,,1.0,1.0,,1.0,1.0,,1.0,1.0
42,9928,3.0,1,0,1,1.0,1.0,1.0,1.0,0.0,,1.0,1.0,,1.0,1.0,,1.0,1.0
43,9928,4.0,2,0,2,1.0,1.0,1.0,1.0,1.0,1.0,1.0,1.0,1.0,1.0,1.0,1.0,1.0,1.0
44,9928,5.0,2,0,2,1.0,1.0,1.0,1.0,1.0,1.0,1.0,1.0,1.0,1.0,1.0,1.0,1.0,1.0
45,9928,6.0,2,0,2,1.0,1.0,1.0,1.0,1.0,1.0,1.0,1.0,1.0,1.0,1.0,1.0,1.0,1.0
46,9928,7.0,2,0,2,1.0,1.0,1.0,1.0,1.0,1.0,1.0,1.0,1.0,1.0,1.0,1.0,1.0,1.0
47,9928,8.0,2,0,2,1.0,1.0,1.0,1.0,1.0,1.0,1.0,1.0,1.0,1.0,1.0,1.0,1.0,1.0
48,9928,9.0,2,0,2,1.0,1.0,1.0,1.0,1.0,1.0,1.0,1.0,1.0,1.0,1.0,1.0,1.0,1.0
49,9928,10.0,3,0,3,1.0,1.0,1.0,1.0,1.0,1.0,1.0,1.0,1.0,1.0,1.0,1.0,1.0,1.0
50,5200,1.0,2,0,2,1.0,1.0,1.0,1.0,1.0,1.0,1.0,1.0,1.0,1.0,1.0,1.0,1.0,1.0
51,5200,2.0,3,0,3,1.0,1.0,1.0,1.0,1.0,1.0,1.0,1.0,1.0,1.0,1.0,1.0,1.0,1.0
52,5200,3.0,3,0,3,1.0,1.0,1.0,1.0,1.0,1.0,1.0,1.0,1.0,1.0,1.0,1.0,1.0,1.0
53,5200,4.0,3,0,3,0.667,0.704,0.667,1.0,0.5,1.0,1.0,1.0,1.0,1.0,1.0,1.0,1.0,1.0
54,5200,5.0,4,0,4,0.75,0.75,0.75,0.75,0.5,1.0,1.0,1.0,1.0,1.0,1.0,1.0,1.0,1.0
55,5200,6.0,5,1,4,0.6,0.6,0.6,0.6,0.6,1.0,1.019,1.09,1.0,1.019,1.09,1.0,1.019,1.09
56,5200,7.0,5,1,4,0.6,0.6,0.6,0.6,0.5,1.0,0.857,1.09,1.0,0.857,1.09,1.0,0.857,1.09
57,5200,8.0,5,1,4,0.6,0.533,0.6,0.4,0.5,1.0,0.857,1.09,1.0,0.857,1.09,1.0,0.857,1.09
58,5200,9.0,5,1,4,0.6,0.533,0.6,0.4,0.5,1.0,0.857,1.09,0.5718699813065837,1.13,0.817,1.0,0.857,1.09
59,5200,10.0,5,1,4,0.6,0.589,0.6,0.7,0.45,1.0,0.883,1.09,0.6508632890297149,0.932,0.817,1.0,0.883,1.09
60,9223,1.0,4,1,3,1.0,1.0,1.0,1.0,1.0,1.0,1.038,0.607,1.0,1.038,0.607,1.0,1.038,0.607
61,9223,2.0,4,1,3,1.0,1.0,1.0,1.0,1.0,1.0,0.809,0.607,1.0,0.809,0.607,1.0,0.809,0.607
62,9223,3.0,5,2,3,1.0,1.0,1.0,1.0,1.0,1.0,0.988,0.79,1.0,0.988,0.79,1.0,0.988,0.79
63,9223,4.0,6,3,3,1.0,1.0,1.0,1.0,1.0,1.0,1.088,1.33,1.0,1.088,1.33,1.0,1.088,1.33
64,9223,5.0,6,3,3,0.833,0.824,0.833,0.917,0.767,1.0,0.846,0.551,0.9676621672624736,0.954,0.637,0.9676621672624736,0.954,0.637
65,9223,6.0,8,4,4,0.875,0.87,0.875,0.917,0.833,1.0,0.831,0.571,0.7926891114201972,1.037,1.107,0.7926891114201972,1.037,1.107
66,9223,7.0,9,4,5,0.889,0.885,0.889,0.926,0.841,1.0,0.82,0.572,1.0,0.82,0.572,0.9230298442630148,0.756,0.616
67,9223,8.0,9,4,5,0.889,0.888,0.889,0.944,0.875,1.0,0.853,0.607,0.7300976613335703,1.022,1.195,0.7300976613335703,1.022,1.195
68,9223,9.0,9,4,5,1.0,1.0,1.0,1.0,1.0,1.0,0.807,0.598,1.0,0.807,0.598,0.6635245697470173,1.447,1.278
69,9223,10.0,9,4,5,0.889,0.868,0.889,0.806,0.708,1.0,0.84,0.587,1.0,0.84,0.587,0.8237586510803023,1.194,1.113
70,31,1.0,2,0,2,1.0,1.0,1.0,1.0,0.0,,1.0,1.0,,1.0,1.0,,1.0,1.0
71,31,2.0,2,0,2,1.0,1.0,1.0,1.0,1.0,1.0,1.0,1.0,1.0,1.0,1.0,1.0,1.0,1.0
72,31,3.0,2,0,2,1.0,1.0,1.0,1.0,0.0,,1.0,1.0,,1.0,1.0,,1.0,1.0
73,31,4.0,3,0,3,1.0,1.0,1.0,1.0,1.0,1.0,1.0,1.0,1.0,1.0,1.0,1.0,1.0,1.0
74,31,5.0,3,0,3,1.0,1.0,1.0,1.0,1.0,1.0,1.0,1.0,1.0,1.0,1.0,1.0,1.0,1.0
75,31,6.0,4,0,4,0.75,0.744,0.75,0.875,0.667,1.0,1.0,1.0,1.0,1.0,1.0,1.0,1.0,1.0
76,31,7.0,4,0,4,1.0,1.0,1.0,1.0,1.0,1.0,1.0,1.0,1.0,1.0,1.0,1.0,1.0,1.0
77,31,8.0,5,1,4,1.0,1.0,1.0,1.0,1.0,1.0,0.848,0.605,1.0,0.848,0.605,0.6838336490112329,1.265,1.09
78,31,9.0,8,1,7,1.0,1.0,1.0,1.0,1.0,1.0,0.912,0.857,1.0,0.912,0.857,1.0,0.912,0.857
79,31,10.0,8,1,7,1.0,1.0,1.0,1.0,1.0,1.0,0.886,0.857,1.0,0.886,0.857,1.0,0.886,0.857
80,2155,1.0,2,0,2,1.0,1.0,1.0,1.0,1.0,1.0,1.0,1.0,1.0,1.0,1.0,1.0,1.0,1.0
81,2155,2.0,3,0,3,1.0,1.0,1.0,1.0,1.0,1.0,1.0,1.0,1.0,1.0,1.0,1.0,1.0,1.0
82,2155,3.0,3,0,3,1.0,1.0,1.0,1.0,1.0,1.0,1.0,1.0,1.0,1.0,1.0,1.0,1.0,1.0
83,2155,4.0,3,0,3,1.0,1.0,1.0,1.0,1.0,1.0,1.0,1.0,1.0,1.0,1.0,1.0,1.0,1.0
84,2155,5.0,3,0,3,1.0,1.0,1.0,1.0,1.0,1.0,1.0,1.0,1.0,1.0,1.0,1.0,1.0,1.0
85,2155,6.0,3,0,3,1.0,1.0,1.0,1.0,1.0,1.0,1.0,1.0,1.0,1.0,1.0,1.0,1.0,1.0
86,2155,7.0,4,0,4,1.0,1.0,1.0,1.0,1.0,1.0,1.0,1.0,1.0,1.0,1.0,1.0,1.0,1.0
87,2155,8.0,4,0,4,1.0,1.0,1.0,1.0,1.0,1.0,1.0,1.0,1.0,1.0,1.0,1.0,1.0,1.0
88,2155,9.0,4,0,4,1.0,1.0,1.0,1.0,1.0,1.0,1.0,1.0,1.0,1.0,1.0,1.0,1.0,1.0
89,2155,10.0,4,0,4,1.0,1.0,1.0,1.0,1.0,1.0,1.0,1.0,1.0,1.0,1.0,1.0,1.0,1.0
90,5201,1.0,1,1,0,1.0,1.0,1.0,1.0,0.0,,1.0,1.0,,1.0,1.0,,1.0,1.0
91,5201,2.0,1,1,0,1.0,1.0,1.0,1.0,0.0,,1.0,1.0,,1.0,1.0,,1.0,1.0
92,5201,3.0,1,1,0,1.0,1.0,1.0,1.0,0.0,,1.0,1.0,,1.0,1.0,,1.0,1.0
93,5201,4.0,1,1,0,1.0,1.0,1.0,1.0,0.0,,1.0,1.0,,1.0,1.0,,1.0,1.0
94,5201,5.0,1,1,0,1.0,1.0,1.0,1.0,0.0,,1.0,1.0,,1.0,1.0,,1.0,1.0
95,5201,6.0,1,1,0,1.0,1.0,1.0,1.0,0.0,,1.0,1.0,,1.0,1.0,,1.0,1.0
96,5201,7.0,1,1,0,1.0,1.0,1.0,1.0,0.0,,1.0,1.0,,1.0,1.0,,1.0,1.0
97,5201,8.0,1,1,0,1.0,1.0,1.0,1.0,0.0,,1.0,1.0,,1.0,1.0,,1.0,1.0
98,5201,9.0,1,1,0,1.0,1.0,1.0,1.0,0.0,,1.0,1.0,,1.0,1.0,,1.0,1.0
99,5201,10.0,1,1,0,1.0,1.0,1.0,1.0,0.0,,1.0,1.0,,1.0,1.0,,1.0,1.0
100,33,1.0,1,0,1,1.0,1.0,1.0,1.0,0.0,,1.0,1.0,,1.0,1.0,,1.0,1.0
101,33,2.0,1,0,1,0.0,0.0,0.0,0.0,0.0,,1.0,1.0,,1.0,1.0,,1.0,1.0
102,33,3.0,3,1,2,1.0,1.0,1.0,1.0,1.0,1.0,1.164,1.77,1.0,1.164,1.77,1.0,1.164,1.77
103,33,4.0,5,1,4,0.8,0.767,0.8,0.7,0.688,1.0,1.052,1.09,1.0,1.052,1.09,1.0,1.052,1.09
104,33,5.0,5,1,4,1.0,1.0,1.0,1.0,1.0,1.0,1.052,1.09,1.0,1.052,1.09,1.0,1.052,1.09
105,33,6.0,5,1,4,1.0,1.0,1.0,1.0,1.0,1.0,1.346,2.053,1.0,1.346,2.053,0.7964955067113835,0.612,0.605
106,33,7.0,5,1,4,1.0,1.0,1.0,1.0,1.0,1.0,1.033,1.09,1.0,1.033,1.09,1.0,1.033,1.09
107,33,8.0,5,1,4,1.0,1.0,1.0,1.0,1.0,1.0,1.033,1.09,1.0,1.033,1.09,1.0,1.033,1.09
108,33,9.0,6,2,4,1.0,1.0,1.0,1.0,1.0,1.0,0.903,1.041,1.0,0.903,1.041,1.0,0.903,1.041
109,33,10.0,6,2,4,1.0,1.0,1.0,1.0,1.0,1.0,0.94,1.041,1.0,0.94,1.041,1.0,0.94,1.041
110,57,1.0,1,0,1,1.0,1.0,1.0,1.0,0.0,,1.0,1.0,,1.0,1.0,,1.0,1.0
111,57,2.0,1,0,1,1.0,1.0,1.0,1.0,0.0,,1.0,1.0,,1.0,1.0,,1.0,1.0
112,57,3.0,1,0,1,1.0,1.0,1.0,1.0,0.0,,1.0,1.0,,1.0,1.0,,1.0,1.0
113,57,4.0,1,0,1,1.0,1.0,1.0,1.0,0.0,,1.0,1.0,,1.0,1.0,,1.0,1.0
114,57,5.0,1,0,1,1.0,1.0,1.0,1.0,0.0,,1.0,1.0,,1.0,1.0,,1.0,1.0
115,57,6.0,1,0,1,1.0,1.0,1.0,1.0,0.0,,1.0,1.0,,1.0,1.0,,1.0,1.0
116,57,7.0,1,0,1,1.0,1.0,1.0,1.0,0.0,,1.0,1.0,,1.0,1.0,,1.0,1.0
117,57,8.0,2,0,2,1.0,1.0,1.0,1.0,1.0,1.0,1.0,1.0,1.0,1.0,1.0,1.0,1.0,1.0
118,57,9.0,2,0,2,1.0,1.0,1.0,1.0,1.0,1.0,1.0,1.0,1.0,1.0,1.0,1.0,1.0,1.0
119,57,10.0,2,0,2,1.0,1.0,1.0,1.0,0.0,,1.0,1.0,,1.0,1.0,,1.0,1.0
120,41,1.0,1,0,1,1.0,1.0,1.0,1.0,0.0,,1.0,1.0,,1.0,1.0,,1.0,1.0
121,41,2.0,1,0,1,0.0,0.0,0.0,0.0,0.0,,1.0,1.0,,1.0,1.0,,1.0,1.0
122,36,1.0,4,4,0,1.0,1.0,1.0,1.0,1.0,1.0,1.0,1.0,1.0,1.0,1.0,1.0,1.0,1.0
123,36,2.0,4,4,0,1.0,1.0,1.0,1.0,1.0,1.0,1.0,1.0,1.0,1.0,1.0,1.0,1.0,1.0
124,36,3.0,4,4,0,1.0,1.0,1.0,1.0,1.0,1.0,1.0,1.0,1.0,1.0,1.0,1.0,1.0,1.0
125,36,4.0,4,4,0,1.0,1.0,1.0,1.0,1.0,1.0,1.0,1.0,1.0,1.0,1.0,1.0,1.0,1.0
126,36,5.0,4,4,0,1.0,1.0,1.0,1.0,1.0,1.0,1.0,1.0,1.0,1.0,1.0,1.0,1.0,1.0
127,36,6.0,4,4,0,1.0,1.0,1.0,1.0,1.0,1.0,1.0,1.0,1.0,1.0,1.0,1.0,1.0,1.0
128,36,7.0,4,4,0,1.0,1.0,1.0,1.0,1.0,1.0,1.0,1.0,1.0,1.0,1.0,1.0,1.0,1.0
129,36,8.0,4,4,0,1.0,1.0,1.0,1.0,1.0,1.0,1.0,1.0,1.0,1.0,1.0,1.0,1.0,1.0
130,36,9.0,4,4,0,1.0,1.0,1.0,1.0,1.0,1.0,1.0,1.0,1.0,1.0,1.0,1.0,1.0,1.0
131,36,10.0,4,4,0,1.0,1.0,1.0,1.0,1.0,1.0,1.0,1.0,1.0,1.0,1.0,1.0,1.0,1.0
132,44,1.0,1,0,1,1.0,1.0,1.0,1.0,0.0,,1.0,1.0,,1.0,1.0,,1.0,1.0
133,44,2.0,3,1,2,1.0,1.0,1.0,1.0,1.0,1.0,1.001,0.613,1.0,1.001,0.613,0.7539531690476383,1.001,0.841
134,44,3.0,3,1,2,1.0,1.0,1.0,1.0,1.0,1.0,1.034,0.613,1.0,1.034,0.613,0.7785578521428747,0.92,0.841
135,44,4.0,3,1,2,1.0,1.0,1.0,1.0,1.0,1.0,1.034,0.613,1.0,1.034,0.613,1.0,1.034,0.613
136,44,5.0,4,1,3,1.0,1.0,1.0,1.0,1.0,1.0,0.819,0.728,1.0,0.819,0.728,1.0,0.819,0.728
137,44,6.0,5,2,3,0.8,0.764,0.8,0.667,0.667,1.0,0.775,0.691,1.0,0.775,0.691,1.0,0.775,0.691
138,44,7.0,7,2,5,1.0,1.0,1.0,1.0,1.0,1.0,0.914,1.031,1.0,0.914,1.031,1.0,0.914,1.031
139,44,8.0,8,2,6,1.0,1.0,1.0,1.0,1.0,1.0,0.958,1.0,1.0,0.958,1.0,1.0,0.958,1.0
140,44,9.0,8,2,6,1.0,1.0,1.0,1.0,1.0,1.0,0.997,0.968,1.0,0.997,0.968,1.0,0.997,0.968
141,44,10.0,8,2,6,1.0,1.0,1.0,1.0,1.0,1.0,1.025,0.968,1.0,1.025,0.968,1.0,1.025,0.968
142,34,1.0,2,0,2,1.0,1.0,1.0,1.0,1.0,1.0,1.0,1.0,1.0,1.0,1.0,1.0,1.0,1.0
143,34,2.0,2,0,2,1.0,1.0,1.0,1.0,1.0,1.0,1.0,1.0,1.0,1.0,1.0,1.0,1.0,1.0
144,34,3.0,2,0,2,1.0,1.0,1.0,1.0,1.0,1.0,1.0,1.0,1.0,1.0,1.0,1.0,1.0,1.0
145,34,4.0,2,0,2,1.0,1.0,1.0,1.0,1.0,1.0,1.0,1.0,1.0,1.0,1.0,1.0,1.0,1.0
146,34,5.0,2,0,2,1.0,1.0,1.0,1.0,0.0,,1.0,1.0,,1.0,1.0,,1.0,1.0
147,34,6.0,2,0,2,1.0,1.0,1.0,1.0,1.0,1.0,1.0,1.0,1.0,1.0,1.0,1.0,1.0,1.0
148,34,7.0,3,0,3,1.0,1.0,1.0,1.0,1.0,1.0,1.0,1.0,1.0,1.0,1.0,1.0,1.0,1.0
149,34,8.0,4,0,4,1.0,1.0,1.0,1.0,1.0,1.0,1.0,1.0,1.0,1.0,1.0,1.0,1.0,1.0
150,34,9.0,4,0,4,1.0,1.0,1.0,1.0,1.0,1.0,1.0,1.0,1.0,1.0,1.0,1.0,1.0,1.0
151,34,10.0,5,1,4,0.8,0.8,0.8,0.8,0.6,1.0,1.052,1.09,1.0,1.052,1.09,1.0,1.052,1.09
152,262,1.0,2,0,2,1.0,1.0,1.0,1.0,0.0,,1.0,1.0,,1.0,1.0,,1.0,1.0
153,262,2.0,2,0,2,1.0,1.0,1.0,1.0,0.0,,1.0,1.0,,1.0,1.0,,1.0,1.0
154,262,3.0,2,0,2,1.0,1.0,1.0,1.0,1.0,1.0,1.0,1.0,1.0,1.0,1.0,1.0,1.0,1.0
155,262,4.0,3,0,3,1.0,1.0,1.0,1.0,1.0,1.0,1.0,1.0,1.0,1.0,1.0,1.0,1.0,1.0
156,262,5.0,3,0,3,1.0,1.0,1.0,1.0,1.0,1.0,1.0,1.0,1.0,1.0,1.0,1.0,1.0,1.0
157,262,6.0,3,0,3,1.0,1.0,1.0,1.0,1.0,1.0,1.0,1.0,1.0,1.0,1.0,1.0,1.0,1.0
158,262,7.0,3,0,3,1.0,1.0,1.0,1.0,1.0,1.0,1.0,1.0,1.0,1.0,1.0,1.0,1.0,1.0
159,262,8.0,3,0,3,1.0,1.0,1.0,1.0,1.0,1.0,1.0,1.0,1.0,1.0,1.0,1.0,1.0,1.0
160,262,9.0,3,0,3,1.0,1.0,1.0,1.0,1.0,1.0,1.0,1.0,1.0,1.0,1.0,1.0,1.0,1.0
161,9477,1.0,2,0,2,1.0,1.0,1.0,1.0,1.0,1.0,1.0,1.0,1.0,1.0,1.0,1.0,1.0,1.0
162,9477,2.0,2,0,2,1.0,1.0,1.0,1.0,0.0,,1.0,1.0,,1.0,1.0,,1.0,1.0
163,9477,3.0,2,0,2,1.0,1.0,1.0,1.0,0.0,,1.0,1.0,,1.0,1.0,,1.0,1.0
164,9477,4.0,2,0,2,1.0,1.0,1.0,1.0,1.0,1.0,1.0,1.0,1.0,1.0,1.0,1.0,1.0,1.0
165,9477,5.0,2,0,2,1.0,1.0,1.0,1.0,1.0,1.0,1.0,1.0,1.0,1.0,1.0,1.0,1.0,1.0
166,9477,6.0,2,0,2,1.0,1.0,1.0,1.0,1.0,1.0,1.0,1.0,1.0,1.0,1.0,1.0,1.0,1.0
167,9477,7.0,2,0,2,1.0,1.0,1.0,1.0,1.0,1.0,1.0,1.0,1.0,1.0,1.0,1.0,1.0,1.0
168,9477,8.0,3,0,3,1.0,1.0,1.0,1.0,1.0,1.0,1.0,1.0,1.0,1.0,1.0,1.0,1.0,1.0
169,9477,9.0,3,0,3,1.0,1.0,1.0,1.0,1.0,1.0,1.0,1.0,1.0,1.0,1.0,1.0,1.0,1.0
170,9477,10.0,3,0,3,1.0,1.0,1.0,1.0,1.0,1.0,1.0,1.0,1.0,1.0,1.0,1.0,1.0,1.0
171,2588,1.0,1,1,0,1.0,1.0,1.0,1.0,0.0,,1.0,1.0,,1.0,1.0,,1.0,1.0
172,2588,2.0,1,1,0,1.0,1.0,1.0,1.0,0.0,,1.0,1.0,,1.0,1.0,,1.0,1.0
173,2588,3.0,2,1,1,1.0,1.0,1.0,1.0,0.0,,1.585,1.585,,1.585,1.585,,1.585,1.585
174,2588,4.0,2,1,1,1.0,1.0,1.0,1.0,0.0,,1.585,1.585,,1.585,1.585,,1.585,1.585
175,2588,5.0,2,1,1,1.0,1.0,1.0,1.0,0.0,,1.585,1.585,,0.631,0.631,,0.631,0.631
176,2588,6.0,3,1,2,1.0,1.0,1.0,1.0,1.0,1.0,1.001,0.841,1.0,1.001,0.841,1.0,1.001,0.841
177,2588,7.0,3,1,2,1.0,1.0,1.0,1.0,1.0,1.0,1.262,0.841,1.0,1.262,0.841,1.0,1.262,0.841
178,2588,8.0,5,2,3,1.0,1.0,1.0,1.0,1.0,1.0,0.915,0.932,1.0,0.915,0.932,1.0,0.915,0.932
179,2588,9.0,5,2,3,1.0,1.0,1.0,1.0,1.0,1.0,1.152,1.553,1.0,1.152,1.553,0.9673372223223712,1.227,1.413
180,2588,10.0,7,3,4,1.0,1.0,1.0,1.0,1.0,1.0,1.19,1.436,0.939762601935586,1.174,1.226,0.939762601935586,1.174,1.226
181,4385,1.0,1,0,1,1.0,1.0,1.0,1.0,0.0,,1.0,1.0,,1.0,1.0,,1.0,1.0
182,4385,2.0,1,0,1,1.0,1.0,1.0,1.0,0.0,,1.0,1.0,,1.0,1.0,,1.0,1.0
183,4385,3.0,1,0,1,1.0,1.0,1.0,1.0,0.0,,1.0,1.0,,1.0,1.0,,1.0,1.0
184,4385,4.0,1,0,1,1.0,1.0,1.0,1.0,0.0,,1.0,1.0,,1.0,1.0,,1.0,1.0
185,4385,5.0,1,0,1,1.0,1.0,1.0,1.0,0.0,,1.0,1.0,,1.0,1.0,,1.0,1.0
186,4385,6.0,1,0,1,1.0,1.0,1.0,1.0,0.0,,1.0,1.0,,1.0,1.0,,1.0,1.0
187,4385,7.0,1,0,1,1.0,1.0,1.0,1.0,0.0,,1.0,1.0,,1.0,1.0,,1.0,1.0
188,4385,8.0,1,0,1,1.0,1.0,1.0,1.0,0.0,,1.0,1.0,,1.0,1.0,,1.0,1.0
189,4385,9.0,1,0,1,1.0,1.0,1.0,1.0,0.0,,1.0,1.0,,1.0,1.0,,1.0,1.0
190,4385,10.0,2,0,2,1.0,1.0,1.0,1.0,0.0,,1.0,1.0,,1.0,1.0,,1.0,1.0
191,5204,1.0,1,0,1,1.0,1.0,1.0,1.0,0.0,,1.0,1.0,,1.0,1.0,,1.0,1.0
192,5204,2.0,1,0,1,1.0,1.0,1.0,1.0,0.0,,1.0,1.0,,1.0,1.0,,1.0,1.0
193,5204,3.0,2,0,2,1.0,1.0,1.0,1.0,1.0,1.0,1.0,1.0,1.0,1.0,1.0,1.0,1.0,1.0
194,5204,4.0,2,0,2,1.0,1.0,1.0,1.0,1.0,1.0,1.0,1.0,1.0,1.0,1.0,1.0,1.0,1.0
195,5204,5.0,3,0,3,1.0,1.0,1.0,1.0,1.0,1.0,1.0,1.0,1.0,1.0,1.0,1.0,1.0,1.0
196,5204,6.0,3,0,3,1.0,1.0,1.0,1.0,1.0,1.0,1.0,1.0,1.0,1.0,1.0,1.0,1.0,1.0
197,5204,7.0,3,0,3,1.0,1.0,1.0,1.0,1.0,1.0,1.0,1.0,1.0,1.0,1.0,1.0,1.0,1.0
198,5204,8.0,3,0,3,1.0,1.0,1.0,1.0,1.0,1.0,1.0,1.0,1.0,1.0,1.0,1.0,1.0,1.0
199,5204,9.0,4,0,4,1.0,1.0,1.0,1.0,1.0,1.0,1.0,1.0,1.0,1.0,1.0,1.0,1.0,1.0
200,5204,10.0,4,0,4,1.0,1.0,1.0,1.0,1.0,1.0,1.0,1.0,1.0,1.0,1.0,1.0,1.0,1.0
201,9929,1.0,2,0,2,1.0,1.0,1.0,1.0,1.0,1.0,1.0,1.0,1.0,1.0,1.0,1.0,1.0,1.0
202,9929,2.0,2,0,2,1.0,1.0,1.0,1.0,1.0,1.0,1.0,1.0,1.0,1.0,1.0,1.0,1.0,1.0
203,9929,3.0,4,0,4,1.0,1.0,1.0,1.0,1.0,1.0,1.0,1.0,1.0,1.0,1.0,1.0,1.0,1.0
204,9929,4.0,6,1,5,1.0,1.0,1.0,1.0,1.0,1.0,0.947,0.891,1.0,0.947,0.891,1.0,0.947,0.891
205,9929,5.0,7,2,5,1.0,1.0,1.0,1.0,1.0,1.0,0.949,0.932,1.0,0.949,0.932,1.0,0.949,0.932
206,9929,6.0,9,2,7,1.0,1.0,1.0,1.0,1.0,1.0,1.081,1.164,1.0,1.081,1.164,1.0,1.081,1.164
207,9929,7.0,10,2,8,1.0,1.0,1.0,1.0,1.0,1.0,1.125,1.221,1.0,1.125,1.221,1.0,1.125,1.221
208,9929,8.0,11,2,9,1.0,1.0,1.0,1.0,1.0,1.0,1.125,1.203,1.0,1.125,1.203,1.0,1.125,1.203
209,9929,9.0,12,2,10,1.0,1.0,1.0,1.0,1.0,1.0,1.192,1.318,1.0,1.192,1.318,1.0,1.192,1.318
210,5203,1.0,1,0,1,1.0,1.0,1.0,1.0,0.0,,1.0,1.0,,1.0,1.0,,1.0,1.0
211,5203,2.0,1,0,1,1.0,1.0,1.0,1.0,0.0,,1.0,1.0,,1.0,1.0,,1.0,1.0
212,5203,3.0,1,0,1,1.0,1.0,1.0,1.0,0.0,,1.0,1.0,,1.0,1.0,,1.0,1.0
213,5203,4.0,1,0,1,1.0,1.0,1.0,1.0,0.0,,1.0,1.0,,1.0,1.0,,1.0,1.0
214,5203,5.0,1,0,1,1.0,1.0,1.0,1.0,0.0,,1.0,1.0,,1.0,1.0,,1.0,1.0
215,5203,6.0,1,0,1,1.0,1.0,1.0,1.0,0.0,,1.0,1.0,,1.0,1.0,,1.0,1.0
216,5203,7.0,3,0,3,1.0,1.0,1.0,1.0,1.0,1.0,1.0,1.0,1.0,1.0,1.0,1.0,1.0,1.0
217,5203,8.0,3,0,3,1.0,1.0,1.0,1.0,1.0,1.0,1.0,1.0,1.0,1.0,1.0,1.0,1.0,1.0
218,5203,9.0,3,0,3,1.0,1.0,1.0,1.0,1.0,1.0,1.0,1.0,1.0,1.0,1.0,1.0,1.0,1.0
219,5673,1.0,1,0,1,1.0,1.0,1.0,1.0,0.0,,1.0,1.0,,1.0,1.0,,1.0,1.0
220,5673,2.0,3,0,3,1.0,1.0,1.0,1.0,1.0,1.0,1.0,1.0,1.0,1.0,1.0,1.0,1.0,1.0
221,5673,3.0,3,0,3,1.0,1.0,1.0,1.0,1.0,1.0,1.0,1.0,1.0,1.0,1.0,1.0,1.0,1.0
222,5673,4.0,3,0,3,1.0,1.0,1.0,1.0,1.0,1.0,1.0,1.0,1.0,1.0,1.0,1.0,1.0,1.0
223,5673,5.0,4,0,4,0.75,0.736,0.75,0.875,0.722,1.0,1.0,1.0,1.0,1.0,1.0,1.0,1.0,1.0
224,5673,6.0,4,0,4,0.75,0.736,0.75,0.875,0.722,1.0,1.0,1.0,1.0,1.0,1.0,1.0,1.0,1.0
225,5673,7.0,4,0,4,0.75,0.708,0.75,0.625,0.667,1.0,1.0,1.0,1.0,1.0,1.0,1.0,1.0,1.0
226,5673,8.0,4,0,4,0.75,0.708,0.75,0.625,0.667,1.0,1.0,1.0,1.0,1.0,1.0,1.0,1.0,1.0
227,14490,1.0,2,2,0,1.0,1.0,1.0,1.0,1.0,1.0,1.0,1.0,1.0,1.0,1.0,1.0,1.0,1.0
228,14490,2.0,2,2,0,1.0,1.0,1.0,1.0,0.0,,1.0,1.0,,1.0,1.0,,1.0,1.0
229,14490,3.0,2,2,0,1.0,1.0,1.0,1.0,0.0,,1.0,1.0,,1.0,1.0,,1.0,1.0
